site_id,query_rate,tmf_completeness_%,protocol_deviations,data_entry_delay_days,dropout_prediction,is_dropout,visit_compliance,n_patients,cluster,performance
CHU Marseille,0.20409174311926603,82.41408256880734,391,3.3208073394495417,0.4026622,0.3853211009174312,0.6317522935779817,109,2,📊 Standard
HUG Genève,0.23281720430107528,79.99816129032257,383,3.528215053763441,0.5026318,0.5161290322580645,0.6065053763440861,93,0,⚠️ À Améliorer
Hôpital Lyon Sud,0.20961607142857144,81.69335714285715,384,3.153830357142857,0.44295707,0.4375,0.6524196428571428,112,2,📊 Standard
Hôpital Pitié-Salpêtrière,0.19631868131868135,84.26687912087912,315,3.0025164835164833,0.32355627,0.3076923076923077,0.6649010989010989,91,1,⭐ Top Performer
UZ Bruxelles,0.22589473684210526,79.86183157894736,385,3.4829473684210526,0.48494312,0.49473684210526314,0.6085894736842106,95,0,⚠️ À Améliorer
